<application>
  <component name="FindSettings">
    <option name="customScope" value="All Places" />
    <option name="defaultScopeName" value="All Places" />
    <option name="SEARCH_SCOPE" value="All Places" />
    <mask>*.css</mask>
    <mask>*.html</mask>
    <mask>*.xml</mask>
    <mask>*.jsp</mask>
    <mask>*.properties</mask>
    <mask>*Factory.kt</mask>
    <mask>*Launcher.kt</mask>
    <mask>.yaml</mask>
    <mask>*.kt</mask>
    <mask>*.ts</mask>
    <mask>*.java</mask>
    <mask>*.tsx</mask>
    <mask>*Repository.kt</mask>
    <mask>*Resource.kt</mask>
    <mask>*.py</mask>
    <mask>*.js</mask>
    <mask>*.jsx</mask>
  </component>
</application>