<keymap version="1" name="Default for GNOME copy" parent="Default for GNOME">
  <action id="$SelectAll" />
  <action id="ActivateProjectToolWindow" />
  <action id="Arrangement.Rule.Match.Condition.Move.Down" />
  <action id="Arrangement.Rule.Match.Condition.Move.Up" />
  <action id="CheckinProject" />
  <action id="CloseContent">
    <keyboard-shortcut first-keystroke="ctrl f4" />
    <keyboard-shortcut first-keystroke="alt x" />
  </action>
  <action id="CommentByBlockComment">
    <keyboard-shortcut first-keystroke="shift ctrl slash" />
    <keyboard-shortcut first-keystroke="shift ctrl divide" />
    <keyboard-shortcut first-keystroke="shift ctrl comma" />
  </action>
  <action id="CommentByLineComment">
    <keyboard-shortcut first-keystroke="ctrl slash" />
    <keyboard-shortcut first-keystroke="ctrl divide" />
    <keyboard-shortcut first-keystroke="ctrl comma" />
  </action>
  <action id="Console.TableResult.DeleteRows">
    <keyboard-shortcut first-keystroke="ctrl y" />
  </action>
  <action id="Console.TableResult.SelectRow" />
  <action id="DecrementWindowHeight" />
  <action id="Diagram.SelectAll" />
  <action id="EditorBackwardParagraph">
    <keyboard-shortcut first-keystroke="ctrl up" />
  </action>
  <action id="EditorBackwardParagraphWithSelection">
    <keyboard-shortcut first-keystroke="shift ctrl w" />
    <keyboard-shortcut first-keystroke="shift ctrl up" />
  </action>
  <action id="EditorCodeBlockEnd">
    <keyboard-shortcut first-keystroke="ctrl close_bracket" />
    <keyboard-shortcut first-keystroke="ctrl #10000c4" />
  </action>
  <action id="EditorCodeBlockEndWithSelection">
    <keyboard-shortcut first-keystroke="shift ctrl close_bracket" />
    <keyboard-shortcut first-keystroke="ctrl quote" />
  </action>
  <action id="EditorCodeBlockStart">
    <keyboard-shortcut first-keystroke="ctrl open_bracket" />
    <keyboard-shortcut first-keystroke="ctrl #10000c5" />
  </action>
  <action id="EditorCodeBlockStartWithSelection">
    <keyboard-shortcut first-keystroke="shift ctrl open_bracket" />
    <keyboard-shortcut first-keystroke="ctrl dead_diaeresis" />
  </action>
  <action id="EditorDeleteToLineEnd">
    <keyboard-shortcut first-keystroke="ctrl k" />
  </action>
  <action id="EditorDown">
    <keyboard-shortcut first-keystroke="down" />
    <keyboard-shortcut first-keystroke="alt s" />
  </action>
  <action id="EditorDownWithSelection">
    <keyboard-shortcut first-keystroke="shift down" />
    <keyboard-shortcut first-keystroke="shift alt s" />
  </action>
  <action id="EditorForwardParagraph">
    <keyboard-shortcut first-keystroke="ctrl down" />
    <keyboard-shortcut first-keystroke="ctrl s" />
  </action>
  <action id="EditorForwardParagraphWithSelection">
    <keyboard-shortcut first-keystroke="shift ctrl down" />
    <keyboard-shortcut first-keystroke="shift ctrl s" />
  </action>
  <action id="EditorLineEnd">
    <keyboard-shortcut first-keystroke="end" />
    <keyboard-shortcut first-keystroke="ctrl e" />
  </action>
  <action id="EditorLineEndWithSelection">
    <keyboard-shortcut first-keystroke="shift end" />
    <keyboard-shortcut first-keystroke="shift ctrl e" />
  </action>
  <action id="EditorLineStart">
    <keyboard-shortcut first-keystroke="home" />
    <keyboard-shortcut first-keystroke="ctrl a" />
  </action>
  <action id="EditorLineStartWithSelection">
    <keyboard-shortcut first-keystroke="shift home" />
    <keyboard-shortcut first-keystroke="shift ctrl a" />
  </action>
  <action id="EditorLookupDown" />
  <action id="EditorLookupUp" />
  <action id="EditorMatchBrace">
    <keyboard-shortcut first-keystroke="shift ctrl m" />
    <keyboard-shortcut first-keystroke="ctrl #10000d6" />
  </action>
  <action id="EditorMoveDownAndScroll">
    <keyboard-shortcut first-keystroke="ctrl numpad1" />
  </action>
  <action id="EditorMoveDownAndScrollWithSelection">
    <keyboard-shortcut first-keystroke="ctrl numpad2" />
  </action>
  <action id="EditorNextWord">
    <keyboard-shortcut first-keystroke="ctrl right" />
    <keyboard-shortcut first-keystroke="alt d" />
  </action>
  <action id="EditorNextWordInDifferentHumpsModeWithSelection">
    <keyboard-shortcut first-keystroke="altGraph right" />
  </action>
  <action id="EditorNextWordWithSelection">
    <keyboard-shortcut first-keystroke="shift ctrl right" />
    <keyboard-shortcut first-keystroke="shift alt d" />
  </action>
  <action id="EditorPreviousWord">
    <keyboard-shortcut first-keystroke="ctrl left" />
    <keyboard-shortcut first-keystroke="alt a" />
  </action>
  <action id="EditorPreviousWordInDifferentHumpsModeWithSelection">
    <keyboard-shortcut first-keystroke="altGraph left" />
  </action>
  <action id="EditorPreviousWordWithSelection">
    <keyboard-shortcut first-keystroke="shift ctrl left" />
    <keyboard-shortcut first-keystroke="shift alt a" />
  </action>
  <action id="EditorScrollDown" />
  <action id="EditorScrollUp" />
  <action id="EditorToggleStickySelection">
    <keyboard-shortcut first-keystroke="shift space" />
  </action>
  <action id="EditorUnSelectWord" />
  <action id="EditorUp">
    <keyboard-shortcut first-keystroke="up" />
    <keyboard-shortcut first-keystroke="alt w" />
  </action>
  <action id="EditorUpWithSelection">
    <keyboard-shortcut first-keystroke="shift up" />
    <keyboard-shortcut first-keystroke="shift alt w" />
  </action>
  <action id="FindUsages">
    <keyboard-shortcut first-keystroke="shift alt 7" />
    <keyboard-shortcut first-keystroke="alt b" />
  </action>
  <action id="FindUsagesInFile">
    <keyboard-shortcut first-keystroke="ctrl f7" />
    <keyboard-shortcut first-keystroke="alt n" />
  </action>
  <action id="GotoAction" />
  <action id="GotoImplementation">
    <keyboard-shortcut first-keystroke="ctrl alt b" />
    <mouse-shortcut keystroke="control alt button1" />
    <keyboard-shortcut first-keystroke="alt z" />
  </action>
  <action id="Images.Editor.ToggleGrid" />
  <action id="IncrementWindowHeight" />
  <action id="Kotlin.NewFile">
    <keyboard-shortcut first-keystroke="shift ctrl insert" />
  </action>
  <action id="MethodOverloadSwitchDown" />
  <action id="MethodOverloadSwitchUp" />
  <action id="MoveStatementDown" />
  <action id="MoveStatementUp" />
  <action id="PasteMultiple">
    <keyboard-shortcut first-keystroke="shift ctrl v" />
  </action>
  <action id="PinActiveTab">
    <keyboard-shortcut first-keystroke="alt p" />
  </action>
  <action id="RecentLocations" />
  <action id="ResetColumnsWidth" />
  <action id="ResizeToolWindowDown" />
  <action id="ResizeToolWindowUp" />
  <action id="SaveAll" />
  <action id="SearchEverywhere.NavigateToNextGroup">
    <keyboard-shortcut first-keystroke="page_down" />
  </action>
  <action id="SearchEverywhere.NavigateToPrevGroup">
    <keyboard-shortcut first-keystroke="page_up" />
  </action>
  <action id="SelectInProjectView">
    <keyboard-shortcut first-keystroke="alt 1" />
  </action>
  <action id="ShowContent" />
  <action id="ShowSearchHistory" />
  <action id="UsageView.ShowRecentFindUsages" />
  <action id="Vcs.Log.ShowAllAffected" />
  <action id="VcsHistory.ShowAllAffected" />
  <action id="context.save" />
  <action id="hg4idea.QFold" />
  <action id="tasks.close" />
</keymap>