<keymap version="1" name="Windows copy" parent="$default">
  <action id="$SelectAll" />
  <action id="ActivateBookmarksToolWindow" />
  <action id="ActivateDebugToolWindow" />
  <action id="ActivateFindToolWindow" />
  <action id="ActivateProblemsViewToolWindow" />
  <action id="ActivateProjectToolWindow" />
  <action id="ActivateRunToolWindow" />
  <action id="ChangesView.AddUnversioned" />
  <action id="ChangesView.ToggleCommitUi" />
  <action id="CheckinProject" />
  <action id="CloseContent">
    <keyboard-shortcut first-keystroke="ctrl f4" />
    <keyboard-shortcut first-keystroke="alt x" />
  </action>
  <action id="CollapseBlock" />
  <action id="CollapseRegionRecursively">
    <keyboard-shortcut first-keystroke="ctrl alt subtract" />
  </action>
  <action id="CollapseSelection" />
  <action id="CommentByBlockComment">
    <keyboard-shortcut first-keystroke="shift ctrl slash" />
    <keyboard-shortcut first-keystroke="shift ctrl divide" />
    <keyboard-shortcut first-keystroke="ctrl period" />
    <keyboard-shortcut first-keystroke="shift ctrl period" />
  </action>
  <action id="CommentByLineComment">
    <keyboard-shortcut first-keystroke="ctrl slash" />
    <keyboard-shortcut first-keystroke="ctrl divide" />
    <keyboard-shortcut first-keystroke="ctrl comma" />
    <keyboard-shortcut first-keystroke="ctrl alt period" />
    <keyboard-shortcut first-keystroke="shift ctrl comma" />
  </action>
  <action id="Console.History.Browse" />
  <action id="Console.Jdbc.BrowseHistory" />
  <action id="Diagram.DeselectAll" />
  <action id="Diff.ApplyRightSide" />
  <action id="DuplicatesForm.SendToLeft" />
  <action id="EditorBackwardParagraph">
    <keyboard-shortcut first-keystroke="ctrl up" />
  </action>
  <action id="EditorBackwardParagraphWithSelection">
    <keyboard-shortcut first-keystroke="shift ctrl up" />
  </action>
  <action id="EditorChooseLookupItemDot" />
  <action id="EditorDeleteToLineEnd">
    <keyboard-shortcut first-keystroke="ctrl k" />
  </action>
  <action id="EditorDeleteToLineStart">
    <keyboard-shortcut first-keystroke="ctrl u" />
  </action>
  <action id="EditorForwardParagraph">
    <keyboard-shortcut first-keystroke="ctrl down" />
  </action>
  <action id="EditorForwardParagraphWithSelection">
    <keyboard-shortcut first-keystroke="shift ctrl down" />
  </action>
  <action id="EditorLineEnd">
    <keyboard-shortcut first-keystroke="end" />
    <keyboard-shortcut first-keystroke="ctrl e" />
  </action>
  <action id="EditorLineEndWithSelection">
    <keyboard-shortcut first-keystroke="shift end" />
    <keyboard-shortcut first-keystroke="shift ctrl e" />
  </action>
  <action id="EditorLineStart">
    <keyboard-shortcut first-keystroke="home" />
    <keyboard-shortcut first-keystroke="ctrl a" />
  </action>
  <action id="EditorLineStartWithSelection">
    <keyboard-shortcut first-keystroke="shift home" />
    <keyboard-shortcut first-keystroke="shift ctrl a" />
  </action>
  <action id="EditorLookupDown" />
  <action id="EditorLookupUp" />
  <action id="EditorScrollDown" />
  <action id="EditorScrollUp" />
  <action id="EditorTextEnd">
    <keyboard-shortcut first-keystroke="ctrl end" />
    <keyboard-shortcut first-keystroke="ctrl alt e" />
  </action>
  <action id="EditorTextEndWithSelection">
    <keyboard-shortcut first-keystroke="shift ctrl end" />
    <keyboard-shortcut first-keystroke="shift ctrl alt e" />
  </action>
  <action id="EditorTextStart">
    <keyboard-shortcut first-keystroke="ctrl home" />
    <keyboard-shortcut first-keystroke="ctrl alt a" />
  </action>
  <action id="EditorTextStartWithSelection">
    <keyboard-shortcut first-keystroke="shift ctrl home" />
    <keyboard-shortcut first-keystroke="shift ctrl alt a" />
  </action>
  <action id="ExpandAllRegions">
    <keyboard-shortcut first-keystroke="shift ctrl add" />
    <keyboard-shortcut first-keystroke="shift ctrl equals" />
    <keyboard-shortcut first-keystroke="shift ctrl 9" />
  </action>
  <action id="FileChooser.GotoHome" />
  <action id="FindUsages">
    <keyboard-shortcut first-keystroke="alt f7" />
    <keyboard-shortcut first-keystroke="ctrl alt 7" />
  </action>
  <action id="Git.Commit.Stage" />
  <action id="Git.Stage.Add" />
  <action id="GoToTab1">
    <keyboard-shortcut first-keystroke="alt 1" />
  </action>
  <action id="GoToTab2">
    <keyboard-shortcut first-keystroke="alt 2" />
  </action>
  <action id="GoToTab3">
    <keyboard-shortcut first-keystroke="alt 3" />
  </action>
  <action id="GoToTab4">
    <keyboard-shortcut first-keystroke="alt 4" />
  </action>
  <action id="GoToTab5">
    <keyboard-shortcut first-keystroke="alt 5" />
  </action>
  <action id="GoToTab6">
    <keyboard-shortcut first-keystroke="alt 6" />
  </action>
  <action id="GotoAction" />
  <action id="GotoBookmark1" />
  <action id="GotoSuperMethod" />
  <action id="MethodOverloadSwitchDown" />
  <action id="MethodOverloadSwitchUp" />
  <action id="MoveStatementDown" />
  <action id="MoveStatementUp" />
  <action id="NotebookSelectCellAboveAction" />
  <action id="NotebookSelectCellBelowAction" />
  <action id="PerforceDirect.Edit" />
  <action id="RecentFiles" />
  <action id="RecentLocations" />
  <action id="SearchEverywhere.NavigateToNextGroup">
    <keyboard-shortcut first-keystroke="page_down" />
  </action>
  <action id="SearchEverywhere.NavigateToPrevGroup">
    <keyboard-shortcut first-keystroke="page_up" />
  </action>
  <action id="SelectInProjectView">
    <keyboard-shortcut first-keystroke="ctrl 1" />
  </action>
  <action id="SwitcherIterateItems" />
  <action id="SwitcherRecentEditedChangedToggleCheckBox" />
  <action id="Terminal.SelectBlockAbove">
    <keyboard-shortcut first-keystroke="up" />
  </action>
  <action id="Terminal.SelectLastBlock" />
  <action id="Terminal.SelectPrompt" />
  <action id="TextSearchAction" />
  <action id="ToggleBookmark9" />
  <action id="ToggleFindInSelection" />
  <action id="hg4idea.add" />
  <action id="org.intellij.plugins.markdown.ui.actions.styling.InsertImageAction" />
</keymap>